source_code,source,destination_code,destination,religious_background,count,source_population,rate_per_1000
N09000001,antrim_and_newtownabbey,N09000002,armagh_banbridge_craigavon,catholic,42,45764,0.917752
N09000001,antrim_and_newtownabbey,N09000002,armagh_banbridge_craigavon,protestant,63,79689,0.790573
N09000001,antrim_and_newtownabbey,N09000002,armagh_banbridge_craigavon,other,3,2223,1.349528
N09000001,antrim_and_newtownabbey,N09000002,armagh_banbridge_craigavon,none,48,17985,2.668891
N09000001,antrim_and_newtownabbey,N09000003,belfast,catholic,528,45764,11.537453
N09000001,antrim_and_newtownabbey,N09000003,belfast,protestant,370,79689,4.64305
N09000001,antrim_and_newtownabbey,N09000003,belfast,other,38,2223,17.094017
N09000001,antrim_and_newtownabbey,N09000003,belfast,none,469,17985,26.077287
N09000001,antrim_and_newtownabbey,N09000004,causeway_coast_glens,catholic,60,45764,1.311074
N09000001,antrim_and_newtownabbey,N09000004,causeway_coast_glens,protestant,129,79689,1.618793
N09000001,antrim_and_newtownabbey,N09000004,causeway_coast_glens,none,94,17985,5.226578
N09000001,antrim_and_newtownabbey,N09000005,derry_strabane,catholic,29,45764,0.633686
N09000001,antrim_and_newtownabbey,N09000005,derry_strabane,protestant,16,79689,0.200781
N09000001,antrim_and_newtownabbey,N09000005,derry_strabane,none,23,17985,1.278843
N09000001,antrim_and_newtownabbey,N09000006,fermanagh_omagh,catholic,29,45764,0.633686
N09000001,antrim_and_newtownabbey,N09000006,fermanagh_omagh,protestant,20,79689,0.250976
N09000001,antrim_and_newtownabbey,N09000006,fermanagh_omagh,none,13,17985,0.722825
N09000001,antrim_and_newtownabbey,N09000007,lisburn_castlereagh,catholic,74,45764,1.616992
N09000001,antrim_and_newtownabbey,N09000007,lisburn_castlereagh,protestant,105,79689,1.317622
N09000001,antrim_and_newtownabbey,N09000007,lisburn_castlereagh,other,2,2223,0.899685
N09000001,antrim_and_newtownabbey,N09000007,lisburn_castlereagh,none,123,17985,6.839033
N09000001,antrim_and_newtownabbey,N09000008,mid_east_antrim,catholic,89,45764,1.94476
N09000001,antrim_and_newtownabbey,N09000008,mid_east_antrim,protestant,474,79689,5.948123
N09000001,antrim_and_newtownabbey,N09000008,mid_east_antrim,other,12,2223,5.398111
N09000001,antrim_and_newtownabbey,N09000008,mid_east_antrim,none,300,17985,16.680567
N09000001,antrim_and_newtownabbey,N09000009,mid_ulster,catholic,73,45764,1.59514
N09000001,antrim_and_newtownabbey,N09000009,mid_ulster,protestant,46,79689,0.577244
N09000001,antrim_and_newtownabbey,N09000009,mid_ulster,other,4,2223,1.79937
N09000001,antrim_and_newtownabbey,N09000009,mid_ulster,none,25,17985,1.390047
N09000001,antrim_and_newtownabbey,N09000010,newry_mourne_down,catholic,60,45764,1.311074
N09000001,antrim_and_newtownabbey,N09000010,newry_mourne_down,protestant,31,79689,0.389012
N09000001,antrim_and_newtownabbey,N09000010,newry_mourne_down,other,5,2223,2.249213
N09000001,antrim_and_newtownabbey,N09000010,newry_mourne_down,none,14,17985,0.778426
N09000001,antrim_and_newtownabbey,N09000011,ards_north_down,catholic,31,45764,0.677388
N09000001,antrim_and_newtownabbey,N09000011,ards_north_down,protestant,91,79689,1.141939
N09000001,antrim_and_newtownabbey,N09000011,ards_north_down,other,6,2223,2.699055
N09000001,antrim_and_newtownabbey,N09000011,ards_north_down,none,91,17985,5.059772
N09000002,armagh_banbridge_craigavon,N09000001,antrim_and_newtownabbey,catholic,54,95868,0.563275
N09000002,armagh_banbridge_craigavon,N09000001,antrim_and_newtownabbey,protestant,77,102063,0.754436
N09000002,armagh_banbridge_craigavon,N09000001,antrim_and_newtownabbey,other,4,2697,1.483129
N09000002,armagh_banbridge_craigavon,N09000001,antrim_and_newtownabbey,none,33,18028,1.830486
N09000002,armagh_banbridge_craigavon,N09000003,belfast,catholic,513,95868,5.351108
N09000002,armagh_banbridge_craigavon,N09000003,belfast,protestant,329,102063,3.223499
N09000002,armagh_banbridge_craigavon,N09000003,belfast,other,31,2697,11.494253
N09000002,armagh_banbridge_craigavon,N09000003,belfast,none,362,18028,20.079876
N09000002,armagh_banbridge_craigavon,N09000004,causeway_coast_glens,catholic,60,95868,0.625861
N09000002,armagh_banbridge_craigavon,N09000004,causeway_coast_glens,protestant,96,102063,0.940596
N09000002,armagh_banbridge_craigavon,N09000004,causeway_coast_glens,other,1,2697,0.370782
N09000002,armagh_banbridge_craigavon,N09000004,causeway_coast_glens,none,59,18028,3.272687
N09000002,armagh_banbridge_craigavon,N09000005,derry_strabane,catholic,57,95868,0.594568
N09000002,armagh_banbridge_craigavon,N09000005,derry_strabane,protestant,26,102063,0.254745
N09000002,armagh_banbridge_craigavon,N09000005,derry_strabane,other,2,2697,0.741565
N09000002,armagh_banbridge_craigavon,N09000005,derry_strabane,none,21,18028,1.164855
N09000002,armagh_banbridge_craigavon,N09000006,fermanagh_omagh,catholic,54,95868,0.563275
N09000002,armagh_banbridge_craigavon,N09000006,fermanagh_omagh,protestant,47,102063,0.4605
N09000002,armagh_banbridge_craigavon,N09000006,fermanagh_omagh,other,1,2697,0.370782
N09000002,armagh_banbridge_craigavon,N09000006,fermanagh_omagh,none,27,18028,1.49767
N09000002,armagh_banbridge_craigavon,N09000007,lisburn_castlereagh,catholic,110,95868,1.147411
N09000002,armagh_banbridge_craigavon,N09000007,lisburn_castlereagh,protestant,243,102063,2.380882
N09000002,armagh_banbridge_craigavon,N09000007,lisburn_castlereagh,other,19,2697,7.044865
N09000002,armagh_banbridge_craigavon,N09000007,lisburn_castlereagh,none,152,18028,8.431329
N09000002,armagh_banbridge_craigavon,N09000008,mid_east_antrim,catholic,17,95868,0.177327
N09000002,armagh_banbridge_craigavon,N09000008,mid_east_antrim,protestant,36,102063,0.352723
N09000002,armagh_banbridge_craigavon,N09000008,mid_east_antrim,none,41,18028,2.27424
N09000002,armagh_banbridge_craigavon,N09000009,mid_ulster,catholic,215,95868,2.242667
N09000002,armagh_banbridge_craigavon,N09000009,mid_ulster,protestant,139,102063,1.361904
N09000002,armagh_banbridge_craigavon,N09000009,mid_ulster,none,66,18028,3.660972
N09000002,armagh_banbridge_craigavon,N09000010,newry_mourne_down,catholic,226,95868,2.357408
N09000002,armagh_banbridge_craigavon,N09000010,newry_mourne_down,protestant,133,102063,1.303117
N09000002,armagh_banbridge_craigavon,N09000010,newry_mourne_down,other,15,2697,5.561735
N09000002,armagh_banbridge_craigavon,N09000010,newry_mourne_down,none,137,18028,7.59929
N09000002,armagh_banbridge_craigavon,N09000011,ards_north_down,catholic,19,95868,0.198189
N09000002,armagh_banbridge_craigavon,N09000011,ards_north_down,protestant,66,102063,0.646659
N09000002,armagh_banbridge_craigavon,N09000011,ards_north_down,other,9,2697,3.337041
N09000002,armagh_banbridge_craigavon,N09000011,ards_north_down,none,65,18028,3.605503
N09000003,belfast,N09000001,antrim_and_newtownabbey,catholic,515,168271,3.060539
N09000003,belfast,N09000001,antrim_and_newtownabbey,protestant,439,125633,3.494305
N09000003,belfast,N09000001,antrim_and_newtownabbey,other,38,11500,3.304348
N09000003,belfast,N09000001,antrim_and_newtownabbey,none,489,40014,12.220723
N09000003,belfast,N09000002,armagh_banbridge_craigavon,catholic,278,168271,1.652097
N09000003,belfast,N09000002,armagh_banbridge_craigavon,protestant,210,125633,1.671535
N09000003,belfast,N09000002,armagh_banbridge_craigavon,other,13,11500,1.130435
N09000003,belfast,N09000002,armagh_banbridge_craigavon,none,252,40014,6.297796
N09000003,belfast,N09000004,causeway_coast_glens,catholic,162,168271,0.962733
N09000003,belfast,N09000004,causeway_coast_glens,protestant,171,125633,1.361107
N09000003,belfast,N09000004,causeway_coast_glens,other,10,11500,0.869565
N09000003,belfast,N09000004,causeway_coast_glens,none,186,40014,4.648373
N09000003,belfast,N09000005,derry_strabane,catholic,225,168271,1.337129
N09000003,belfast,N09000005,derry_strabane,protestant,62,125633,0.493501
N09000003,belfast,N09000005,derry_strabane,other,9,11500,0.782609
N09000003,belfast,N09000005,derry_strabane,none,164,40014,4.098566
N09000003,belfast,N09000006,fermanagh_omagh,catholic,199,168271,1.182616
N09000003,belfast,N09000006,fermanagh_omagh,protestant,74,125633,0.589017
N09000003,belfast,N09000006,fermanagh_omagh,other,11,11500,0.956522
N09000003,belfast,N09000006,fermanagh_omagh,none,76,40014,1.899335
N09000003,belfast,N09000007,lisburn_castlereagh,catholic,915,168271,5.437657
N09000003,belfast,N09000007,lisburn_castlereagh,protestant,778,125633,6.19264
N09000003,belfast,N09000007,lisburn_castlereagh,other,109,11500,9.478261
N09000003,belfast,N09000007,lisburn_castlereagh,none,879,40014,21.967311
N09000003,belfast,N09000008,mid_east_antrim,catholic,127,168271,0.754735
N09000003,belfast,N09000008,mid_east_antrim,protestant,223,125633,1.775011
N09000003,belfast,N09000008,mid_east_antrim,other,15,11500,1.304348
N09000003,belfast,N09000008,mid_east_antrim,none,287,40014,7.17249
N09000003,belfast,N09000009,mid_ulster,catholic,283,168271,1.681811
N09000003,belfast,N09000009,mid_ulster,protestant,72,125633,0.573098
N09000003,belfast,N09000009,mid_ulster,other,5,11500,0.434783
N09000003,belfast,N09000009,mid_ulster,none,104,40014,2.59909
N09000003,belfast,N09000010,newry_mourne_down,catholic,448,168271,2.662372
N09000003,belfast,N09000010,newry_mourne_down,protestant,114,125633,0.907405
N09000003,belfast,N09000010,newry_mourne_down,other,33,11500,2.869565
N09000003,belfast,N09000010,newry_mourne_down,none,207,40014,5.173189
N09000003,belfast,N09000011,ards_north_down,catholic,178,168271,1.057817
N09000003,belfast,N09000011,ards_north_down,protestant,578,125633,4.600702
N09000003,belfast,N09000011,ards_north_down,other,31,11500,2.695652
N09000003,belfast,N09000011,ards_north_down,none,618,40014,15.444594
N09000004,causeway_coast_glens,N09000001,antrim_and_newtownabbey,catholic,45,56862,0.79139
N09000004,causeway_coast_glens,N09000001,antrim_and_newtownabbey,protestant,79,72530,1.089204
N09000004,causeway_coast_glens,N09000001,antrim_and_newtownabbey,other,3,1102,2.722323
N09000004,causeway_coast_glens,N09000001,antrim_and_newtownabbey,none,65,11252,5.776751
N09000004,causeway_coast_glens,N09000002,armagh_banbridge_craigavon,catholic,31,56862,0.54518
N09000004,causeway_coast_glens,N09000002,armagh_banbridge_craigavon,protestant,49,72530,0.675583
N09000004,causeway_coast_glens,N09000002,armagh_banbridge_craigavon,other,2,1102,1.814882
N09000004,causeway_coast_glens,N09000002,armagh_banbridge_craigavon,none,26,11252,2.3107
N09000004,causeway_coast_glens,N09000003,belfast,catholic,277,56862,4.871443
N09000004,causeway_coast_glens,N09000003,belfast,protestant,210,72530,2.895354
N09000004,causeway_coast_glens,N09000003,belfast,other,8,1102,7.259528
N09000004,causeway_coast_glens,N09000003,belfast,none,250,11252,22.218272
N09000004,causeway_coast_glens,N09000005,derry_strabane,catholic,137,56862,2.409342
N09000004,causeway_coast_glens,N09000005,derry_strabane,protestant,85,72530,1.171929
N09000004,causeway_coast_glens,N09000005,derry_strabane,other,2,1102,1.814882
N09000004,causeway_coast_glens,N09000005,derry_strabane,none,56,11252,4.976893
N09000004,causeway_coast_glens,N09000006,fermanagh_omagh,catholic,27,56862,0.474834
N09000004,causeway_coast_glens,N09000006,fermanagh_omagh,protestant,25,72530,0.344685
N09000004,causeway_coast_glens,N09000006,fermanagh_omagh,none,28,11252,2.488446
N09000004,causeway_coast_glens,N09000007,lisburn_castlereagh,catholic,20,56862,0.351729
N09000004,causeway_coast_glens,N09000007,lisburn_castlereagh,protestant,42,72530,0.579071
N09000004,causeway_coast_glens,N09000007,lisburn_castlereagh,other,1,1102,0.907441
N09000004,causeway_coast_glens,N09000007,lisburn_castlereagh,none,29,11252,2.57732
N09000004,causeway_coast_glens,N09000008,mid_east_antrim,catholic,73,56862,1.28381
N09000004,causeway_coast_glens,N09000008,mid_east_antrim,protestant,183,72530,2.523094
N09000004,causeway_coast_glens,N09000008,mid_east_antrim,none,88,11252,7.820832
N09000004,causeway_coast_glens,N09000009,mid_ulster,catholic,95,56862,1.670712
N09000004,causeway_coast_glens,N09000009,mid_ulster,protestant,58,72530,0.799669
N09000004,causeway_coast_glens,N09000009,mid_ulster,other,1,1102,0.907441
N09000004,causeway_coast_glens,N09000009,mid_ulster,none,31,11252,2.755066
N09000004,causeway_coast_glens,N09000010,newry_mourne_down,catholic,43,56862,0.756217
N09000004,causeway_coast_glens,N09000010,newry_mourne_down,protestant,28,72530,0.386047
N09000004,causeway_coast_glens,N09000010,newry_mourne_down,other,3,1102,2.722323
N09000004,causeway_coast_glens,N09000010,newry_mourne_down,none,55,11252,4.88802
N09000004,causeway_coast_glens,N09000011,ards_north_down,catholic,24,56862,0.422074
N09000004,causeway_coast_glens,N09000011,ards_north_down,protestant,59,72530,0.813457
N09000004,causeway_coast_glens,N09000011,ards_north_down,other,1,1102,0.907441
N09000004,causeway_coast_glens,N09000011,ards_north_down,none,35,11252,3.110558
N09000005,derry_strabane,N09000001,antrim_and_newtownabbey,catholic,44,109131,0.403185
N09000005,derry_strabane,N09000001,antrim_and_newtownabbey,protestant,24,34848,0.688705
N09000005,derry_strabane,N09000001,antrim_and_newtownabbey,other,6,1484,4.043127
N09000005,derry_strabane,N09000001,antrim_and_newtownabbey,none,12,5293,2.267145
N09000005,derry_strabane,N09000002,armagh_banbridge_craigavon,catholic,43,109131,0.394022
N09000005,derry_strabane,N09000002,armagh_banbridge_craigavon,protestant,30,34848,0.860882
N09000005,derry_strabane,N09000002,armagh_banbridge_craigavon,other,2,1484,1.347709
N09000005,derry_strabane,N09000002,armagh_banbridge_craigavon,none,17,5293,3.211789
N09000005,derry_strabane,N09000003,belfast,catholic,456,109131,4.178464
N09000005,derry_strabane,N09000003,belfast,protestant,76,34848,2.1809
N09000005,derry_strabane,N09000003,belfast,other,12,1484,8.086253
N09000005,derry_strabane,N09000003,belfast,none,237,5293,44.776119
N09000005,derry_strabane,N09000004,causeway_coast_glens,catholic,196,109131,1.796007
N09000005,derry_strabane,N09000004,causeway_coast_glens,protestant,111,34848,3.185262
N09000005,derry_strabane,N09000004,causeway_coast_glens,other,3,1484,2.021563
N09000005,derry_strabane,N09000004,causeway_coast_glens,none,82,5293,15.492159
N09000005,derry_strabane,N09000006,fermanagh_omagh,catholic,139,109131,1.273699
N09000005,derry_strabane,N09000006,fermanagh_omagh,protestant,58,34848,1.664371
N09000005,derry_strabane,N09000006,fermanagh_omagh,other,2,1484,1.347709
N09000005,derry_strabane,N09000006,fermanagh_omagh,none,29,5293,5.478934
N09000005,derry_strabane,N09000007,lisburn_castlereagh,catholic,31,109131,0.284062
N09000005,derry_strabane,N09000007,lisburn_castlereagh,protestant,14,34848,0.401745
N09000005,derry_strabane,N09000007,lisburn_castlereagh,other,4,1484,2.695418
N09000005,derry_strabane,N09000007,lisburn_castlereagh,none,24,5293,4.534291
N09000005,derry_strabane,N09000008,mid_east_antrim,catholic,27,109131,0.247409
N09000005,derry_strabane,N09000008,mid_east_antrim,protestant,19,34848,0.545225
N09000005,derry_strabane,N09000008,mid_east_antrim,other,2,1484,1.347709
N09000005,derry_strabane,N09000008,mid_east_antrim,none,27,5293,5.101077
N09000005,derry_strabane,N09000009,mid_ulster,catholic,55,109131,0.503981
N09000005,derry_strabane,N09000009,mid_ulster,protestant,16,34848,0.459137
N09000005,derry_strabane,N09000009,mid_ulster,other,2,1484,1.347709
N09000005,derry_strabane,N09000009,mid_ulster,none,22,5293,4.156433
N09000005,derry_strabane,N09000010,newry_mourne_down,catholic,62,109131,0.568125
N09000005,derry_strabane,N09000010,newry_mourne_down,protestant,9,34848,0.258264
N09000005,derry_strabane,N09000010,newry_mourne_down,other,1,1484,0.673854
N09000005,derry_strabane,N09000010,newry_mourne_down,none,21,5293,3.967504
N09000005,derry_strabane,N09000011,ards_north_down,catholic,15,109131,0.137449
N09000005,derry_strabane,N09000011,ards_north_down,protestant,22,34848,0.631313
N09000005,derry_strabane,N09000011,ards_north_down,none,7,5293,1.322501
N09000006,fermanagh_omagh,N09000001,antrim_and_newtownabbey,catholic,20,75097,0.266322
N09000006,fermanagh_omagh,N09000001,antrim_and_newtownabbey,protestant,35,35856,0.976127
N09000006,fermanagh_omagh,N09000001,antrim_and_newtownabbey,none,29,4786,6.05934
N09000006,fermanagh_omagh,N09000002,armagh_banbridge_craigavon,catholic,40,75097,0.532644
N09000006,fermanagh_omagh,N09000002,armagh_banbridge_craigavon,protestant,30,35856,0.83668
N09000006,fermanagh_omagh,N09000002,armagh_banbridge_craigavon,other,1,1073,0.931966
N09000006,fermanagh_omagh,N09000002,armagh_banbridge_craigavon,none,16,4786,3.343084
N09000006,fermanagh_omagh,N09000003,belfast,catholic,357,75097,4.753852
N09000006,fermanagh_omagh,N09000003,belfast,protestant,108,35856,3.012048
N09000006,fermanagh_omagh,N09000003,belfast,other,7,1073,6.523765
N09000006,fermanagh_omagh,N09000003,belfast,none,148,4786,30.923527
N09000006,fermanagh_omagh,N09000004,causeway_coast_glens,catholic,55,75097,0.732386
N09000006,fermanagh_omagh,N09000004,causeway_coast_glens,protestant,34,35856,0.948237
N09000006,fermanagh_omagh,N09000004,causeway_coast_glens,none,17,4786,3.552027
N09000006,fermanagh_omagh,N09000005,derry_strabane,catholic,96,75097,1.278347
N09000006,fermanagh_omagh,N09000005,derry_strabane,protestant,68,35856,1.896475
N09000006,fermanagh_omagh,N09000005,derry_strabane,none,32,4786,6.686168
N09000006,fermanagh_omagh,N09000007,lisburn_castlereagh,catholic,34,75097,0.452748
N09000006,fermanagh_omagh,N09000007,lisburn_castlereagh,protestant,21,35856,0.585676
N09000006,fermanagh_omagh,N09000007,lisburn_castlereagh,other,1,1073,0.931966
N09000006,fermanagh_omagh,N09000007,lisburn_castlereagh,none,20,4786,4.178855
N09000006,fermanagh_omagh,N09000008,mid_east_antrim,catholic,5,75097,0.066581
N09000006,fermanagh_omagh,N09000008,mid_east_antrim,protestant,8,35856,0.223115
N09000006,fermanagh_omagh,N09000008,mid_east_antrim,none,10,4786,2.089427
N09000006,fermanagh_omagh,N09000009,mid_ulster,catholic,115,75097,1.531353
N09000006,fermanagh_omagh,N09000009,mid_ulster,protestant,65,35856,1.812807
N09000006,fermanagh_omagh,N09000009,mid_ulster,other,1,1073,0.931966
N09000006,fermanagh_omagh,N09000009,mid_ulster,none,31,4786,6.477225
N09000006,fermanagh_omagh,N09000010,newry_mourne_down,catholic,29,75097,0.386167
N09000006,fermanagh_omagh,N09000010,newry_mourne_down,protestant,16,35856,0.446229
N09000006,fermanagh_omagh,N09000010,newry_mourne_down,none,16,4786,3.343084
N09000006,fermanagh_omagh,N09000011,ards_north_down,catholic,5,75097,0.066581
N09000006,fermanagh_omagh,N09000011,ards_north_down,protestant,22,35856,0.613565
N09000006,fermanagh_omagh,N09000011,ards_north_down,other,1,1073,0.931966
N09000006,fermanagh_omagh,N09000011,ards_north_down,none,14,4786,2.925198
N09000007,lisburn_castlereagh,N09000001,antrim_and_newtownabbey,catholic,86,40563,2.120159
N09000007,lisburn_castlereagh,N09000001,antrim_and_newtownabbey,protestant,100,86883,1.150973
N09000007,lisburn_castlereagh,N09000001,antrim_and_newtownabbey,other,3,2517,1.191895
N09000007,lisburn_castlereagh,N09000001,antrim_and_newtownabbey,none,112,19141,5.851314
N09000007,lisburn_castlereagh,N09000002,armagh_banbridge_craigavon,catholic,111,40563,2.736484
N09000007,lisburn_castlereagh,N09000002,armagh_banbridge_craigavon,protestant,334,86883,3.84425
N09000007,lisburn_castlereagh,N09000002,armagh_banbridge_craigavon,other,9,2517,3.575685
N09000007,lisburn_castlereagh,N09000002,armagh_banbridge_craigavon,none,213,19141,11.127945
N09000007,lisburn_castlereagh,N09000003,belfast,catholic,670,40563,16.517516
N09000007,lisburn_castlereagh,N09000003,belfast,protestant,610,86883,7.020936
N09000007,lisburn_castlereagh,N09000003,belfast,other,29,2517,11.521653
N09000007,lisburn_castlereagh,N09000003,belfast,none,742,19141,38.764955
N09000007,lisburn_castlereagh,N09000004,causeway_coast_glens,catholic,62,40563,1.528487
N09000007,lisburn_castlereagh,N09000004,causeway_coast_glens,protestant,116,86883,1.335129
N09000007,lisburn_castlereagh,N09000004,causeway_coast_glens,other,1,2517,0.397298
N09000007,lisburn_castlereagh,N09000004,causeway_coast_glens,none,60,19141,3.134632
N09000007,lisburn_castlereagh,N09000005,derry_strabane,catholic,27,40563,0.665631
N09000007,lisburn_castlereagh,N09000005,derry_strabane,protestant,24,86883,0.276234
N09000007,lisburn_castlereagh,N09000005,derry_strabane,other,3,2517,1.191895
N09000007,lisburn_castlereagh,N09000005,derry_strabane,none,29,19141,1.515072
N09000007,lisburn_castlereagh,N09000006,fermanagh_omagh,catholic,31,40563,0.764243
N09000007,lisburn_castlereagh,N09000006,fermanagh_omagh,protestant,23,86883,0.264724
N09000007,lisburn_castlereagh,N09000006,fermanagh_omagh,other,5,2517,1.986492
N09000007,lisburn_castlereagh,N09000006,fermanagh_omagh,none,22,19141,1.149365
N09000007,lisburn_castlereagh,N09000008,mid_east_antrim,catholic,10,40563,0.24653
N09000007,lisburn_castlereagh,N09000008,mid_east_antrim,protestant,61,86883,0.702094
N09000007,lisburn_castlereagh,N09000008,mid_east_antrim,other,1,2517,0.397298
N09000007,lisburn_castlereagh,N09000008,mid_east_antrim,none,59,19141,3.082389
N09000007,lisburn_castlereagh,N09000009,mid_ulster,catholic,34,40563,0.838202
N09000007,lisburn_castlereagh,N09000009,mid_ulster,protestant,38,86883,0.43737
N09000007,lisburn_castlereagh,N09000009,mid_ulster,none,22,19141,1.149365
N09000007,lisburn_castlereagh,N09000010,newry_mourne_down,catholic,137,40563,3.377462
N09000007,lisburn_castlereagh,N09000010,newry_mourne_down,protestant,132,86883,1.519285
N09000007,lisburn_castlereagh,N09000010,newry_mourne_down,other,13,2517,5.164879
N09000007,lisburn_castlereagh,N09000010,newry_mourne_down,none,159,19141,8.306776
N09000007,lisburn_castlereagh,N09000011,ards_north_down,catholic,70,40563,1.725711
N09000007,lisburn_castlereagh,N09000011,ards_north_down,protestant,346,86883,3.982367
N09000007,lisburn_castlereagh,N09000011,ards_north_down,other,3,2517,1.191895
N09000007,lisburn_castlereagh,N09000011,ards_north_down,none,286,19141,14.941748
N09000008,mid_east_antrim,N09000001,antrim_and_newtownabbey,catholic,113,27337,4.133592
N09000008,mid_east_antrim,N09000001,antrim_and_newtownabbey,protestant,338,93477,3.615863
N09000008,mid_east_antrim,N09000001,antrim_and_newtownabbey,other,16,1341,11.931394
N09000008,mid_east_antrim,N09000001,antrim_and_newtownabbey,none,246,16839,14.608944
N09000008,mid_east_antrim,N09000002,armagh_banbridge_craigavon,catholic,28,27337,1.024253
N09000008,mid_east_antrim,N09000002,armagh_banbridge_craigavon,protestant,60,93477,0.641869
N09000008,mid_east_antrim,N09000002,armagh_banbridge_craigavon,none,34,16839,2.019122
N09000008,mid_east_antrim,N09000003,belfast,catholic,163,27337,5.962615
N09000008,mid_east_antrim,N09000003,belfast,protestant,253,93477,2.706548
N09000008,mid_east_antrim,N09000003,belfast,other,13,1341,9.694258
N09000008,mid_east_antrim,N09000003,belfast,none,304,16839,18.053329
N09000008,mid_east_antrim,N09000004,causeway_coast_glens,catholic,109,27337,3.98727
N09000008,mid_east_antrim,N09000004,causeway_coast_glens,protestant,167,93477,1.786536
N09000008,mid_east_antrim,N09000004,causeway_coast_glens,other,6,1341,4.474273
N09000008,mid_east_antrim,N09000004,causeway_coast_glens,none,93,16839,5.522893
N09000008,mid_east_antrim,N09000005,derry_strabane,catholic,32,27337,1.170575
N09000008,mid_east_antrim,N09000005,derry_strabane,protestant,20,93477,0.213956
N09000008,mid_east_antrim,N09000005,derry_strabane,other,1,1341,0.745712
N09000008,mid_east_antrim,N09000005,derry_strabane,none,12,16839,0.712631
N09000008,mid_east_antrim,N09000006,fermanagh_omagh,catholic,4,27337,0.146322
N09000008,mid_east_antrim,N09000006,fermanagh_omagh,protestant,12,93477,0.128374
N09000008,mid_east_antrim,N09000006,fermanagh_omagh,other,3,1341,2.237136
N09000008,mid_east_antrim,N09000006,fermanagh_omagh,none,3,16839,0.178158
N09000008,mid_east_antrim,N09000007,lisburn_castlereagh,catholic,24,27337,0.877931
N09000008,mid_east_antrim,N09000007,lisburn_castlereagh,protestant,75,93477,0.802336
N09000008,mid_east_antrim,N09000007,lisburn_castlereagh,none,50,16839,2.969297
N09000008,mid_east_antrim,N09000009,mid_ulster,catholic,51,27337,1.865603
N09000008,mid_east_antrim,N09000009,mid_ulster,protestant,56,93477,0.599078
N09000008,mid_east_antrim,N09000009,mid_ulster,none,42,16839,2.49421
N09000008,mid_east_antrim,N09000010,newry_mourne_down,catholic,12,27337,0.438966
N09000008,mid_east_antrim,N09000010,newry_mourne_down,protestant,17,93477,0.181863
N09000008,mid_east_antrim,N09000010,newry_mourne_down,other,2,1341,1.491424
N09000008,mid_east_antrim,N09000010,newry_mourne_down,none,19,16839,1.128333
N09000008,mid_east_antrim,N09000011,ards_north_down,catholic,11,27337,0.402385
N09000008,mid_east_antrim,N09000011,ards_north_down,protestant,86,93477,0.920012
N09000008,mid_east_antrim,N09000011,ards_north_down,other,1,1341,0.745712
N09000008,mid_east_antrim,N09000011,ards_north_down,none,69,16839,4.097631
N09000009,mid_ulster,N09000001,antrim_and_newtownabbey,catholic,74,97298,0.76055
N09000009,mid_ulster,N09000001,antrim_and_newtownabbey,protestant,81,45421,1.783316
N09000009,mid_ulster,N09000001,antrim_and_newtownabbey,other,2,1013,1.974334
N09000009,mid_ulster,N09000001,antrim_and_newtownabbey,none,34,6561,5.182137
N09000009,mid_ulster,N09000002,armagh_banbridge_craigavon,catholic,204,97298,2.096652
N09000009,mid_ulster,N09000002,armagh_banbridge_craigavon,protestant,129,45421,2.840096
N09000009,mid_ulster,N09000002,armagh_banbridge_craigavon,other,5,1013,4.935834
N09000009,mid_ulster,N09000002,armagh_banbridge_craigavon,none,94,6561,14.327084
N09000009,mid_ulster,N09000003,belfast,catholic,405,97298,4.16247
N09000009,mid_ulster,N09000003,belfast,protestant,158,45421,3.478567
N09000009,mid_ulster,N09000003,belfast,other,13,1013,12.833169
N09000009,mid_ulster,N09000003,belfast,none,210,6561,32.007316
N09000009,mid_ulster,N09000004,causeway_coast_glens,catholic,110,97298,1.130547
N09000009,mid_ulster,N09000004,causeway_coast_glens,protestant,96,45421,2.11356
N09000009,mid_ulster,N09000004,causeway_coast_glens,other,1,1013,0.987167
N09000009,mid_ulster,N09000004,causeway_coast_glens,none,56,6561,8.535284
N09000009,mid_ulster,N09000005,derry_strabane,catholic,84,97298,0.863327
N09000009,mid_ulster,N09000005,derry_strabane,protestant,38,45421,0.836617
N09000009,mid_ulster,N09000005,derry_strabane,other,2,1013,1.974334
N09000009,mid_ulster,N09000005,derry_strabane,none,28,6561,4.267642
N09000009,mid_ulster,N09000006,fermanagh_omagh,catholic,138,97298,1.418323
N09000009,mid_ulster,N09000006,fermanagh_omagh,protestant,65,45421,1.431056
N09000009,mid_ulster,N09000006,fermanagh_omagh,other,6,1013,5.923001
N09000009,mid_ulster,N09000006,fermanagh_omagh,none,31,6561,4.724889
N09000009,mid_ulster,N09000007,lisburn_castlereagh,catholic,46,97298,0.472774
N09000009,mid_ulster,N09000007,lisburn_castlereagh,protestant,14,45421,0.308227
N09000009,mid_ulster,N09000007,lisburn_castlereagh,other,1,1013,0.987167
N09000009,mid_ulster,N09000007,lisburn_castlereagh,none,18,6561,2.743484
N09000009,mid_ulster,N09000008,mid_east_antrim,catholic,48,97298,0.49333
N09000009,mid_ulster,N09000008,mid_east_antrim,protestant,40,45421,0.88065
N09000009,mid_ulster,N09000008,mid_east_antrim,other,3,1013,2.9615
N09000009,mid_ulster,N09000008,mid_east_antrim,none,21,6561,3.200732
N09000009,mid_ulster,N09000010,newry_mourne_down,catholic,67,97298,0.688606
N09000009,mid_ulster,N09000010,newry_mourne_down,protestant,16,45421,0.35226
N09000009,mid_ulster,N09000010,newry_mourne_down,other,1,1013,0.987167
N09000009,mid_ulster,N09000010,newry_mourne_down,none,42,6561,6.401463
N09000009,mid_ulster,N09000011,ards_north_down,catholic,4,97298,0.041111
N09000009,mid_ulster,N09000011,ards_north_down,protestant,24,45421,0.52839
N09000009,mid_ulster,N09000011,ards_north_down,other,1,1013,0.987167
N09000009,mid_ulster,N09000011,ards_north_down,none,15,6561,2.286237
N09000010,newry_mourne_down,N09000001,antrim_and_newtownabbey,catholic,50,131300,0.380807
N09000010,newry_mourne_down,N09000001,antrim_and_newtownabbey,protestant,13,39970,0.325244
N09000010,newry_mourne_down,N09000001,antrim_and_newtownabbey,none,20,9477,2.110372
N09000010,newry_mourne_down,N09000002,armagh_banbridge_craigavon,catholic,333,131300,2.536177
N09000010,newry_mourne_down,N09000002,armagh_banbridge_craigavon,protestant,159,39970,3.977983
N09000010,newry_mourne_down,N09000002,armagh_banbridge_craigavon,other,6,1327,4.521477
N09000010,newry_mourne_down,N09000002,armagh_banbridge_craigavon,none,128,9477,13.506384
N09000010,newry_mourne_down,N09000003,belfast,catholic,773,131300,5.887281
N09000010,newry_mourne_down,N09000003,belfast,protestant,185,39970,4.628471
N09000010,newry_mourne_down,N09000003,belfast,other,40,1327,30.14318
N09000010,newry_mourne_down,N09000003,belfast,none,371,9477,39.14741
N09000010,newry_mourne_down,N09000004,causeway_coast_glens,catholic,64,131300,0.487433
N09000010,newry_mourne_down,N09000004,causeway_coast_glens,protestant,48,39970,1.200901
N09000010,newry_mourne_down,N09000004,causeway_coast_glens,other,3,1327,2.260739
N09000010,newry_mourne_down,N09000004,causeway_coast_glens,none,44,9477,4.642819
N09000010,newry_mourne_down,N09000005,derry_strabane,catholic,54,131300,0.411272
N09000010,newry_mourne_down,N09000005,derry_strabane,protestant,12,39970,0.300225
N09000010,newry_mourne_down,N09000005,derry_strabane,none,44,9477,4.642819
N09000010,newry_mourne_down,N09000006,fermanagh_omagh,catholic,46,131300,0.350343
N09000010,newry_mourne_down,N09000006,fermanagh_omagh,protestant,11,39970,0.275206
N09000010,newry_mourne_down,N09000006,fermanagh_omagh,other,1,1327,0.75358
N09000010,newry_mourne_down,N09000006,fermanagh_omagh,none,23,9477,2.426928
N09000010,newry_mourne_down,N09000007,lisburn_castlereagh,catholic,121,131300,0.921554
N09000010,newry_mourne_down,N09000007,lisburn_castlereagh,protestant,104,39970,2.601951
N09000010,newry_mourne_down,N09000007,lisburn_castlereagh,other,3,1327,2.260739
N09000010,newry_mourne_down,N09000007,lisburn_castlereagh,none,113,9477,11.923605
N09000010,newry_mourne_down,N09000008,mid_east_antrim,catholic,34,131300,0.258949
N09000010,newry_mourne_down,N09000008,mid_east_antrim,protestant,9,39970,0.225169
N09000010,newry_mourne_down,N09000008,mid_east_antrim,none,12,9477,1.266223
N09000010,newry_mourne_down,N09000009,mid_ulster,catholic,60,131300,0.456969
N09000010,newry_mourne_down,N09000009,mid_ulster,protestant,11,39970,0.275206
N09000010,newry_mourne_down,N09000009,mid_ulster,none,15,9477,1.582779
N09000010,newry_mourne_down,N09000011,ards_north_down,catholic,67,131300,0.510282
N09000010,newry_mourne_down,N09000011,ards_north_down,protestant,87,39970,2.176632
N09000010,newry_mourne_down,N09000011,ards_north_down,other,3,1327,2.260739
N09000010,newry_mourne_down,N09000011,ards_north_down,none,85,9477,8.969083
N09000011,ards_north_down,N09000001,antrim_and_newtownabbey,catholic,15,22262,0.673794
N09000011,ards_north_down,N09000001,antrim_and_newtownabbey,protestant,93,111175,0.836519
N09000011,ards_north_down,N09000001,antrim_and_newtownabbey,other,2,2237,0.894055
N09000011,ards_north_down,N09000001,antrim_and_newtownabbey,none,67,27984,2.394225
N09000011,ards_north_down,N09000002,armagh_banbridge_craigavon,catholic,16,22262,0.718714
N09000011,ards_north_down,N09000002,armagh_banbridge_craigavon,protestant,68,111175,0.611648
N09000011,ards_north_down,N09000002,armagh_banbridge_craigavon,other,2,2237,0.894055
N09000011,ards_north_down,N09000002,armagh_banbridge_craigavon,none,50,27984,1.786735
N09000011,ards_north_down,N09000003,belfast,catholic,196,22262,8.80424
N09000011,ards_north_down,N09000003,belfast,protestant,440,111175,3.957724
N09000011,ards_north_down,N09000003,belfast,other,19,2237,8.493518
N09000011,ards_north_down,N09000003,belfast,none,525,27984,18.76072
N09000011,ards_north_down,N09000004,causeway_coast_glens,catholic,14,22262,0.628874
N09000011,ards_north_down,N09000004,causeway_coast_glens,protestant,69,111175,0.620643
N09000011,ards_north_down,N09000004,causeway_coast_glens,other,2,2237,0.894055
N09000011,ards_north_down,N09000004,causeway_coast_glens,none,72,27984,2.572899
N09000011,ards_north_down,N09000005,derry_strabane,catholic,16,22262,0.718714
N09000011,ards_north_down,N09000005,derry_strabane,protestant,6,111175,0.053969
N09000011,ards_north_down,N09000005,derry_strabane,other,2,2237,0.894055
N09000011,ards_north_down,N09000005,derry_strabane,none,23,27984,0.821898
N09000011,ards_north_down,N09000006,fermanagh_omagh,catholic,12,22262,0.539035
N09000011,ards_north_down,N09000006,fermanagh_omagh,protestant,21,111175,0.188891
N09000011,ards_north_down,N09000006,fermanagh_omagh,other,2,2237,0.894055
N09000011,ards_north_down,N09000006,fermanagh_omagh,none,10,27984,0.357347
N09000011,ards_north_down,N09000007,lisburn_castlereagh,catholic,32,22262,1.437427
N09000011,ards_north_down,N09000007,lisburn_castlereagh,protestant,209,111175,1.879919
N09000011,ards_north_down,N09000007,lisburn_castlereagh,other,11,2237,4.9173
N09000011,ards_north_down,N09000007,lisburn_castlereagh,none,139,27984,4.967124
N09000011,ards_north_down,N09000008,mid_east_antrim,catholic,11,22262,0.494116
N09000011,ards_north_down,N09000008,mid_east_antrim,protestant,100,111175,0.899483
N09000011,ards_north_down,N09000008,mid_east_antrim,none,56,27984,2.001144
N09000011,ards_north_down,N09000009,mid_ulster,catholic,9,22262,0.404276
N09000011,ards_north_down,N09000009,mid_ulster,protestant,18,111175,0.161907
N09000011,ards_north_down,N09000009,mid_ulster,other,7,2237,3.129191
N09000011,ards_north_down,N09000009,mid_ulster,none,19,27984,0.678959
N09000011,ards_north_down,N09000010,newry_mourne_down,catholic,39,22262,1.751864
N09000011,ards_north_down,N09000010,newry_mourne_down,protestant,128,111175,1.151338
N09000011,ards_north_down,N09000010,newry_mourne_down,other,3,2237,1.341082
N09000011,ards_north_down,N09000010,newry_mourne_down,none,117,27984,4.180961
